City_ID,City,Lat,Lng,Max Temp,Humidity,Cloudiness,Wind Speed,Country,Date
0,bredasdorp,-34.5322,20.0403,291.18,51,18,6.9,ZA,1712912018
1,hithadhoo,-0.6,73.0833,300.15,89,99,12.4,MV,1712912020
2,stanley,54.868,-1.6985,286.32,83,75,2.06,GB,1712912022
3,tromso,69.6496,18.957,277.16,70,20,5.66,NO,1712912024
4,adamstown,-25.066,-130.1015,295.15,52,100,4.93,PN,1712911944
5,invercargill,-46.4,168.35,280.38,89,97,1.79,NZ,1712912028
6,port-aux-francais,-49.35,70.2167,279.86,93,100,9.07,TF,1712911857
7,lionel town,17.8101,-77.2406,301.09,89,88,2.71,JM,1712912031
8,fortuna,40.5982,-124.1573,280.89,94,100,0.0,US,1712912033
9,dartmouth,44.6713,-63.5772,278.15,95,100,3.13,CA,1712912035
10,ushuaia,-54.8,-68.3,280.96,87,20,9.26,AR,1712912038
11,tucuma,-0.1833,-50.05,298.47,92,100,1.9,BR,1712912040
12,trinidad,-14.8333,-64.9,295.26,98,100,2.22,BO,1712912041
13,praya,14.9215,-23.5087,294.45,73,20,3.09,CV,1712912043
14,constantia,44.1833,28.65,296.53,63,29,6.47,RO,1712912044
15,blackmans bay,-43.0167,147.3167,288.22,69,91,3.05,AU,1712912045
16,usevia,-7.1,31.2333,298.3,82,82,3.1,TZ,1712912047
17,qiziltepa,40.0331,64.85,298.9,34,100,1.63,UZ,1712912048
18,klaksvik,62.2266,-6.589,281.66,86,91,11.38,FO,1712912050
19,albany,42.6001,-73.9662,289.76,81,100,2.24,US,1712912052
20,zaozersk,69.4005,32.4476,272.04,87,99,2.79,RU,1712912053
21,polyarnyy,69.1989,33.4478,272.28,83,99,4.41,RU,1712912054
22,nassau,40.7507,-73.5829,290.4,92,100,12.35,US,1712911679
23,albertina,-22.2008,-46.6158,291.47,95,99,2.25,BR,1712912057
24,puerto natales,-51.7236,-72.4875,275.06,93,36,1.83,CL,1712911909
25,sinabang,2.4803,96.3801,303.44,67,100,2.06,ID,1712912060
26,talnakh,69.4865,88.3972,256.6,88,100,5.64,RU,1712912062
27,brookings,44.3114,-96.7984,277.14,86,0,3.09,US,1712912063
28,bethel,41.3712,-73.414,290.62,89,100,4.63,US,1712912065
29,tiksi,71.6872,128.8694,253.83,83,43,9.21,RU,1712912066
30,petropavlovsk-kamchatsky,53.0452,158.6483,276.48,93,0,2.0,RU,1712912068
31,magadan,59.5667,150.8,268.62,94,35,0.9,RU,1712912069
32,morondava,-20.2833,44.2833,302.7,47,67,4.03,MG,1712912071
33,fortaleza,-3.7227,-38.5247,298.83,94,75,3.6,BR,1712912072
34,bamboo flat,11.7,92.7167,307.2,52,20,5.14,IN,1712912074
35,whitehorse,60.7161,-135.0538,275.58,30,75,6.69,CA,1712912076
36,thompson,55.7435,-97.8558,271.24,80,100,2.57,CA,1712912078
37,ribeira grande,38.5167,-28.7,289.69,88,20,1.54,PT,1712912080
38,hawaiian paradise park,19.5933,-154.9731,294.84,98,75,2.57,US,1712911950
39,guerrero negro,27.9769,-114.0611,288.9,84,100,3.6,MX,1712911609
40,barabinsk,55.3571,78.357,275.04,61,100,5.89,RU,1712912084
41,waitangi,-43.9535,-176.5597,289.72,95,99,4.47,NZ,1712912086
42,edinburgh of the seven seas,-37.0676,-12.3116,292.02,93,72,8.35,SH,1712912088
43,west island,-12.1568,96.8225,303.14,70,40,4.12,CC,1712912090
44,fale old settlement,-9.3852,-171.2468,303.07,73,100,3.66,TK,1712912091
45,mawlaik,23.6333,94.4167,310.77,13,77,2.72,MM,1712912093
46,songjianghe,42.1859,127.479,289.85,50,99,4.33,CN,1712912095
47,portland,45.5234,-122.6762,282.87,92,100,0.45,US,1712911937
48,kone,-21.0595,164.8658,295.11,90,100,1.41,NC,1712912099
49,grytviken,-54.2811,-36.5092,273.02,80,98,4.41,GS,1712912101
50,ilulissat,69.2167,-51.1,266.16,79,100,4.12,GL,1712912102
51,cabinda,-5.55,12.2,301.82,72,100,2.07,AO,1712912104
52,yaren,-0.5472,166.916,301.45,77,91,2.67,NR,1712912105
53,wailua homesteads,22.0669,-159.378,295.59,93,100,9.77,US,1712912107
54,fort mcmurray,56.7268,-111.381,281.92,36,100,5.14,CA,1712912109
55,cidreira,-30.1811,-50.2056,293.13,88,100,7.82,BR,1712912111
56,najran,17.4924,44.1277,306.51,30,24,2.93,SA,1712912113
57,qal'ah-ye shahr,35.5473,65.5676,281.28,65,100,2.92,AF,1712912114
58,saldanha,-33.0117,17.9442,295.18,47,4,3.49,ZA,1712912116
59,saint-francois,46.4154,3.9054,288.51,76,0,0.0,FR,1712912118
60,kerikeri,-35.2268,173.9474,289.77,87,10,2.14,NZ,1712912120
61,jamestown,42.097,-79.2353,287.6,99,100,4.12,US,1712912122
62,klyuchi,52.2667,79.1667,277.57,56,96,4.58,RU,1712912123
63,kajansi,0.2081,32.5222,297.53,60,62,4.08,UG,1712912125
64,sur,22.5667,59.5289,307.43,35,99,0.93,OM,1712912127
65,morrope,-6.5417,-80.0111,296.21,80,76,5.32,PE,1712912129
66,tosya,41.0155,34.0401,289.02,55,50,2.73,TR,1712912131
67,puerto ayora,-0.7393,-90.3518,297.34,99,16,0.89,EC,1712911901
68,el calafate,-50.3408,-72.2768,278.26,60,0,2.08,AR,1712912136
69,bandundu,-3.3167,17.3667,304.42,59,100,1.54,CD,1712912138
70,puerto baquerizo moreno,-0.9,-89.6,297.9,88,16,4.02,EC,1712912140
71,longyearbyen,78.2186,15.6401,258.06,61,0,3.6,SJ,1712912142
72,teruel,40.6667,-0.6667,288.15,31,0,1.52,ES,1712912143
73,olonkinbyen,70.9221,-8.7187,265.71,86,100,10.88,SJ,1712911863
74,alice springs,-23.7,133.8833,296.05,21,0,4.63,AU,1712912147
75,eagle pass,28.7091,-100.4995,294.41,35,40,6.73,US,1712912149
76,manokwari,-0.8667,134.0833,300.83,79,52,4.18,ID,1712911911
77,ziro,27.6333,93.8333,292.56,56,78,0.85,IN,1712912154
78,sao tome,0.3365,6.7273,300.71,81,100,3.89,ST,1712911928
79,kerema,-7.9631,145.7785,299.16,90,100,2.04,PG,1712912158
80,tura,25.5198,90.2201,309.34,15,60,4.36,IN,1712912160
81,kipushi,-11.7667,27.2333,296.9,84,100,4.11,CD,1712912162
82,ambovombe,-25.1667,46.0833,296.99,52,100,3.18,MG,1712912164
83,pandan,14.0453,124.1694,301.46,76,62,4.55,PH,1712912165
84,margaret river,-33.95,115.0667,294.47,55,36,5.78,AU,1712912167
85,papatowai,-46.5619,169.4708,279.04,89,21,1.0,NZ,1712912169
86,bilibino,68.0546,166.4372,262.19,87,99,0.1,RU,1712912171
87,mammoth lakes,37.6485,-118.9721,276.93,60,0,1.54,US,1712912173
88,hami,42.8,93.45,298.47,12,18,2.54,CN,1712912174
89,pauini,-7.7136,-66.9764,295.92,96,100,0.79,BR,1712912177
90,timimoun,29.2639,0.231,291.36,29,0,9.26,DZ,1712912179
91,sinazongwe,-17.2614,27.4618,294.3,85,100,2.16,ZM,1712912180
92,grants,35.1473,-107.8514,273.28,43,0,2.57,US,1712912182
93,port hedland,-20.3167,118.5667,303.18,51,0,7.2,AU,1712912183
94,holualoa,19.6228,-155.9522,299.19,83,100,2.06,US,1712912185
95,hassi messaoud,31.6804,6.0729,285.07,87,75,2.06,DZ,1712912186
96,kovdor,67.5662,30.4758,272.86,86,99,4.2,RU,1712912187
97,yuanping,38.7153,112.7575,300.93,14,24,4.27,CN,1712912189
98,badger,64.8,-147.5333,275.29,55,100,3.09,US,1712912190
99,el bauga,18.262,33.9081,306.76,11,0,6.1,SD,1712912191
100,ploneour-lanvern,47.9,-4.2833,288.31,94,0,3.6,FR,1712912193
101,georgetown,5.4112,100.3354,307.12,55,20,5.66,MY,1712912194
102,prado,-17.3411,-39.2208,296.58,93,33,2.46,BR,1712912196
103,st. john's,47.5649,-52.7093,273.69,88,20,8.75,CA,1712912197
104,ujae,8.9322,165.7642,300.63,74,100,8.52,MH,1712912198
105,hastings,50.8552,0.5729,288.93,87,99,7.08,GB,1712912200
106,beloyarskiy,63.7119,66.6722,273.71,98,100,4.92,RU,1712912202
107,iquique,-20.2208,-70.1431,292.17,80,89,1.29,CL,1712912203
108,pesaro,43.9036,12.8903,294.18,73,10,4.96,IT,1712912204
109,port elizabeth,-33.918,25.5701,293.76,63,100,5.14,ZA,1712912206
110,nizhneangarsk,55.7833,109.55,275.93,79,100,2.24,RU,1712912207
111,haiku-pauwela,20.9219,-156.3051,296.51,78,0,2.57,US,1712912209
112,lensk,60.7253,114.9278,267.34,68,100,2.27,RU,1712912210
113,port pirie,-33.1833,138.0167,288.77,72,41,4.4,AU,1712912211
114,kenai,60.5544,-151.2583,276.53,82,100,7.72,US,1712912213
115,port mathurin,-19.6833,63.4167,300.1,73,30,4.9,MU,1712912214
116,highland,34.1283,-117.2086,293.92,54,0,1.54,US,1712912216
117,cruzeiro do sul,-29.5128,-51.9853,292.88,94,100,3.03,BR,1712912218
118,iqaluit,63.7506,-68.5145,265.0,85,100,8.23,CA,1712912219
119,kingston,17.997,-76.7936,300.68,84,20,4.63,JM,1712912220
120,mount gambier,-37.8333,140.7667,284.81,74,81,1.72,AU,1712912222
121,geraldton,-28.7667,114.6,296.38,53,100,6.69,AU,1712912223
122,vernon,50.2581,-119.2691,282.38,90,100,0.89,CA,1712912105
123,atafu village,-8.5421,-172.5159,303.31,72,89,3.54,TK,1712912227
124,dudinka,69.4058,86.1778,256.86,87,100,8.05,RU,1712912228
125,vorgashor,67.5833,63.95,270.26,97,100,6.49,RU,1712912229
126,mazagao,-0.115,-51.2894,299.18,99,100,1.22,BR,1712912231
127,urmary,55.6789,47.944,286.73,48,100,7.92,RU,1712912232
128,warmbad,-28.45,18.7333,297.54,24,6,7.74,NA,1712912233
129,lihue,21.9789,-159.3672,295.92,92,100,9.77,US,1712912235
130,gisborne,-38.6533,178.0042,291.4,94,80,3.41,NZ,1712912236
131,hasaki,35.7333,140.8333,289.42,87,100,8.13,JP,1712912238
132,la ronge,55.1001,-105.2842,272.29,86,20,3.6,CA,1712912239
133,anadyr,64.75,177.4833,262.43,79,0,4.0,RU,1712912241
134,gorom-gorom,14.4439,-0.2361,309.75,7,75,7.67,BF,1712912242
135,dingzhou,38.5131,114.9956,300.21,31,0,6.55,CN,1712912244
136,mitsamiouli,-11.3847,43.2844,302.62,76,95,3.86,KM,1712912245
137,arraial do cabo,-22.9661,-42.0278,297.07,78,75,4.63,BR,1712912246
138,weno,7.4515,151.8468,300.52,82,93,6.43,FM,1712912249
139,hadibu,12.65,54.0333,304.02,59,28,1.82,YE,1712912251
140,remire-montjoly,4.9167,-52.2667,300.17,89,75,4.12,GF,1712912252
141,uturoa,-16.7333,-151.4333,302.33,75,96,9.14,PF,1712912254
142,richards bay,-28.783,32.0377,294.8,48,3,4.22,ZA,1712912256
143,rosarito,32.3333,-117.0333,286.78,89,0,1.6,MX,1712912257
144,pokrovsk,48.282,37.1758,297.63,41,95,3.49,UA,1712912259
145,aasiaat,68.7098,-52.8699,266.38,95,100,2.79,GL,1712912260
146,saipan,15.1355,145.701,301.54,74,20,5.66,MP,1712912262
147,san patricio,28.017,-97.5169,294.17,63,89,3.27,US,1712912264
148,masterton,-40.9597,175.6575,286.42,99,100,0.8,NZ,1712912265
149,lebu,-37.6167,-73.65,282.26,87,2,2.02,CL,1712912267
150,villa elisa,-25.3667,-57.6167,297.92,95,75,2.06,PY,1712912268
151,utrik,11.2278,169.8474,299.59,75,100,9.27,MH,1712912272
152,gizo,-8.103,156.8419,302.15,77,69,3.51,SB,1712912273
153,embrun,44.5639,6.4953,290.52,52,15,1.3,FR,1712912276
154,andergrove,-21.0833,149.1833,295.73,77,0,5.9,AU,1712912278
155,julio de castilhos,-29.2269,-53.6817,289.06,98,100,5.9,BR,1712912003
156,hermanus,-34.4187,19.2345,290.82,55,7,7.39,ZA,1712912281
157,carnarvon,-24.8667,113.6333,299.75,56,55,8.58,AU,1712912283
158,ibanda,-2.7974,32.4746,295.75,83,97,4.7,TZ,1712912287
159,andovoranto,-18.95,49.1,302.1,73,58,3.86,MG,1712912289
160,vilyuchinsk,52.9306,158.4028,277.3,89,90,1.03,RU,1712912290
161,lodja,-3.4833,23.4333,306.03,48,99,1.29,CD,1712912292
162,papao,-17.75,-149.55,299.97,85,85,12.18,PF,1712912294
163,mount pearl,47.5166,-52.7813,273.23,89,20,8.75,CA,1712912296
164,vadso,70.0744,29.7487,273.64,86,75,3.6,NO,1712912298
165,qaqortoq,60.7167,-46.0333,262.63,80,6,2.45,GL,1712912299
166,sabang,5.8933,95.3214,302.91,74,100,6.9,ID,1712912302
167,tralee,52.2704,-9.7026,285.29,94,75,6.17,IE,1712912305
168,am timan,11.0297,20.2827,310.9,7,70,4.64,TD,1712912307
169,port saint john's,-31.6229,29.5448,293.69,48,16,5.43,ZA,1712912309
170,kailua-kona,19.6406,-155.9956,301.26,88,100,2.06,US,1712912076
171,afaahiti,-17.75,-149.2833,299.08,86,93,11.24,PF,1712912312
172,kourou,5.1552,-52.6478,300.18,92,96,3.08,GF,1712912314
173,kununurra,-15.7667,128.7333,304.14,45,100,3.6,AU,1712912316
174,ust-nera,64.5667,143.2,271.48,90,100,2.91,RU,1712912318
175,barra de santo antonio,-9.4047,-35.5072,298.75,81,18,0.39,BR,1712912320
176,kabalo,-6.05,26.9167,299.72,79,91,1.61,CD,1712912322
177,broome,42.2506,-75.833,290.86,92,100,7.72,US,1712912324
178,ghadamis,30.1337,9.5007,291.76,53,59,6.87,LY,1712912326
179,mandalgovi,45.7625,106.2708,288.88,18,14,9.22,MN,1712912328
180,banda aceh,5.5577,95.3222,303.13,70,100,0.95,ID,1712912329
181,flin flon,54.7682,-101.865,272.59,77,91,1.31,CA,1712912331
182,kosh-agach,50.0,88.6667,270.54,69,100,0.45,RU,1712912333
183,udachny,66.4167,112.4,257.29,72,100,4.18,RU,1712912335
184,kapa'a,22.0752,-159.319,296.33,93,100,9.77,US,1712912337
185,minas de marcona,-15.2119,-75.1103,290.14,81,100,3.53,PE,1712912339
186,gowurdak,37.8124,66.0466,294.33,53,100,2.28,TM,1712912341
187,lashio,22.9333,97.75,309.42,12,50,3.67,MM,1712912342
188,shimoda,34.6667,138.95,288.35,87,98,6.6,JP,1712912344
189,college,64.8569,-147.8028,275.33,56,100,3.09,US,1712912144
190,freetown,8.484,-13.2299,297.99,94,20,4.63,SL,1712912124
191,coquimbo,-29.9533,-71.3436,287.0,88,100,1.03,CL,1712911679
192,namibe,-15.1961,12.1522,298.31,61,41,2.44,AO,1712912058
193,selfoss,63.9331,-20.9971,275.4,77,95,3.2,IS,1712912354
194,yanam,16.7333,82.2167,308.1,37,9,3.73,IN,1712912356
195,qamdo,31.1667,97.2333,279.44,30,0,4.69,CN,1712912358
196,porto velho,-8.7619,-63.9039,297.18,94,40,0.0,BR,1712912167
197,taraz,42.9,71.3667,287.38,72,100,5.0,KZ,1712912361
198,cabo san lucas,22.8909,-109.9124,294.13,46,100,1.34,MX,1712911986
199,la passe,45.5549,-0.8967,291.71,77,28,3.32,FR,1712912367
200,atamanovka,51.93,113.63,281.39,56,100,4.08,RU,1712912369
201,rabo de peixe,37.8,-25.5833,290.92,99,75,0.51,PT,1712912371
202,buala,-8.145,159.5921,300.74,77,100,1.41,SB,1712912373
203,patnanungan,14.7833,122.1833,300.79,73,6,5.12,PH,1712912375
204,kayes,14.0,-11.0,308.43,25,76,5.5,ML,1712912377
205,khot'kovo,56.257,37.9954,284.03,65,93,6.78,RU,1712912379
206,fort bragg,35.139,-79.006,291.06,77,100,8.75,US,1712912383
207,sisimiut,66.9395,-53.6735,267.31,94,100,4.0,GL,1712912385
208,kisangani,0.5167,25.2,308.29,43,82,0.72,CD,1712912387
209,alofi,-19.0595,-169.9187,298.09,94,8,1.03,NU,1712912388
210,thinadhoo,0.5333,72.9333,302.37,71,47,2.08,MV,1712912390
211,baardheere,2.3446,42.2764,308.32,46,80,4.07,SO,1712912392
212,san vicente de canete,-13.0751,-76.3835,293.84,85,95,2.1,PE,1712912394
213,san mariano,7.5,126.0,302.4,60,95,1.48,PH,1712912396
214,katabu,-4.9333,122.5167,299.85,92,78,0.31,ID,1712912398
215,rong'an,26.1247,119.1214,300.88,79,99,0.9,CN,1712912400
216,sandnessjoen,66.0217,12.6316,280.21,87,100,7.72,NO,1712912403
217,nar'yan-mar,67.6713,53.087,263.77,94,100,8.05,RU,1712912330
218,yellowknife,62.456,-114.3525,273.94,91,75,6.17,CA,1712912409
219,vallenar,-28.5708,-70.7581,287.34,84,0,0.51,CL,1712912406
220,esmeraldas,-19.7625,-44.3139,295.63,94,95,2.17,BR,1712912414
221,camana,-16.6228,-72.7111,293.95,91,98,2.71,PE,1712912417
222,port blair,11.6667,92.75,307.17,52,20,4.12,IN,1712912421
223,isafjordur,66.0755,-23.124,271.17,80,100,8.23,IS,1712912186
224,susuman,62.7833,148.1667,264.81,90,16,2.24,RU,1712912425
225,qui nhon,13.7667,109.2333,301.87,70,100,3.01,VN,1712912429
226,telenesti,47.4997,28.3656,293.03,44,13,5.96,MD,1712912431
227,nyurba,63.2842,118.3319,261.65,74,100,2.13,RU,1712912433
228,port alfred,-33.5906,26.891,293.81,59,95,2.24,ZA,1712912413
229,victoria falls,-17.9235,25.843,295.21,78,75,6.69,ZW,1712912437
230,chokwe,-24.5333,32.9833,297.67,53,51,3.62,MZ,1712912438
231,ulladulla,-35.35,150.4667,288.58,83,0,1.15,AU,1712912440
232,leshan,29.5623,103.7639,298.97,57,98,2.13,CN,1712912441
233,flying fish cove,-10.4217,105.6791,301.97,78,40,4.63,CX,1712912443
234,scornicesti,44.5667,24.55,295.32,35,14,3.2,RO,1712912445
235,buitenpost,53.2517,6.1448,289.79,76,100,5.36,NL,1712912446
236,puerto armuelles,8.2833,-82.8667,300.98,71,68,1.34,PA,1712912448
237,santa sylvina,-27.8326,-61.1375,291.51,91,100,2.76,AR,1712912450
238,kisesa,-3.0833,34.15,292.72,89,100,5.87,TZ,1712912452
239,east london,-33.0153,27.9116,293.67,49,0,8.23,ZA,1712912434
240,lerwick,60.1545,-1.1494,282.68,81,54,11.56,GB,1712912457
241,myitkyina,25.3833,97.4,310.78,14,82,2.59,MM,1712912458
242,sumbawa besar,-8.5,117.4333,300.68,95,90,0.57,ID,1712912460
243,antonio enes,-16.2325,39.9086,302.36,60,100,7.05,MZ,1712912461
244,mangrol,21.1167,70.1167,300.49,70,18,7.29,IN,1712912462
245,queenstown,-31.8976,26.8753,287.44,35,4,0.96,ZA,1712912464
246,nova aurora,-22.8667,-52.5667,295.75,77,100,6.43,BR,1712912465
247,tsiombe,-25.3,45.4833,299.82,39,74,4.3,MG,1712912466
248,kalmunai,7.4167,81.8167,303.1,69,100,5.04,LK,1712912468
249,sitka,57.0531,-135.33,277.09,70,100,1.54,US,1712912469
250,marsh harbour,26.5412,-77.0636,297.06,91,26,9.4,BS,1712912470
251,bartlesville,36.7473,-95.9808,281.38,62,0,2.43,US,1712912472
252,sao joao da barra,-21.6403,-41.0511,296.68,87,6,3.06,BR,1712912473
253,fedorovka,53.6314,62.7078,289.04,59,75,8.27,KZ,1712912474
254,sakakah,29.9697,40.2064,298.91,23,0,0.71,SA,1712912476
255,hobyo,5.3505,48.5268,304.81,63,9,6.04,SO,1712912477
256,aweil,8.7682,27.4002,311.08,7,86,4.02,SS,1712912478
257,victorica,-36.2151,-65.4359,281.43,89,100,4.96,AR,1712912480
258,tolanaro,-25.0319,46.9987,297.19,83,75,3.09,MG,1712912481
259,na klang,17.3072,102.1889,312.84,23,27,1.7,TH,1712912482
260,severo-yeniseyskiy,60.3725,93.0408,265.14,65,100,2.24,RU,1712912483
261,gereida,11.2811,25.1414,309.78,6,64,7.56,SD,1712912485
262,askoy,60.4092,5.226,282.45,100,75,6.17,NO,1712912486
263,watertown,42.3709,-71.1828,290.64,90,100,5.81,US,1712912487
264,hirara,24.8,125.2833,299.3,83,75,7.2,JP,1712912488
265,kangding,30.0513,101.9603,286.62,73,100,1.49,CN,1712912489
266,aykhal,66.0,111.5,258.26,71,100,3.88,RU,1712912492
267,ciudad lazaro cardenas,17.9583,-102.2,296.51,76,76,0.78,MX,1712912493
268,luderitz,-26.6481,15.1594,301.68,38,2,2.87,NA,1712912494
269,chibougamau,49.9168,-74.3659,276.94,100,100,4.63,CA,1712912495
270,olyokminsk,60.3736,120.4264,269.73,60,100,2.67,RU,1712912497
271,san antonio de pale,-1.4014,5.6325,301.47,76,100,1.8,GQ,1712912498
272,sinop,41.7711,34.8709,289.02,67,85,3.61,TR,1712912499
273,ta`u,-14.2336,-169.5144,302.64,78,45,5.76,AS,1712912500
274,dapa,9.7594,126.0531,301.13,74,28,3.78,PH,1712912501
275,port moresby,-9.4431,147.1797,300.83,78,75,5.14,PG,1712912422
276,ancud,-41.8697,-73.8203,280.9,76,0,2.69,CL,1712912504
277,planaltina,-15.4528,-47.6142,292.04,94,26,1.63,BR,1712912505
278,bhimunipatnam,17.8833,83.4333,306.88,48,78,5.43,IN,1712912506
279,colonia,50.9333,6.95,290.35,78,100,3.09,DE,1712912507
280,arvayheer,46.2639,102.775,285.88,18,46,8.86,MN,1712912508
281,patterson,37.4716,-121.1297,290.33,88,0,0.41,US,1712912510
282,toba,34.4833,136.85,290.15,72,100,3.74,JP,1712912511
283,al wakrah,24.85,51.3333,305.57,18,93,7.85,QA,1712912512
284,reyes,-14.3167,-67.3833,296.28,100,100,1.57,BO,1712912513
285,inhambane,-23.865,35.3833,298.15,65,40,4.12,MZ,1712912514
286,tantoyuca,21.35,-98.2333,289.88,90,100,1.14,MX,1712912516
287,tazovsky,67.4667,78.7,261.66,91,100,12.65,RU,1712912517
288,laguna,38.421,-121.4238,290.62,71,0,3.6,US,1712912518
289,ghat,24.9647,10.1728,294.8,31,0,6.65,LY,1712912520
290,altai,46.3722,96.2583,280.99,39,88,9.55,MN,1712912521
291,newman,37.3138,-121.0208,291.07,83,0,0.89,US,1712912522
292,keflavik,64.0049,-22.5624,275.1,86,75,8.75,IS,1712912524
293,terbanggi besar,-4.8667,105.2333,303.3,72,89,3.78,ID,1712912525
294,san clemente,33.427,-117.612,288.4,94,7,1.34,US,1712912527
295,jungapeo de juarez,19.45,-100.4833,290.27,48,72,2.71,MX,1712912528
296,nouadhibou,20.931,-17.0347,293.14,88,0,4.63,MR,1712912529
297,suva,-18.1416,178.4415,298.86,83,40,1.03,FJ,1712912531
298,mizdah,31.4451,12.9801,292.37,42,100,10.68,LY,1712912534
299,chonchi,-42.6128,-73.8092,278.22,80,0,1.02,CL,1712912535
300,mount isa,-20.7333,139.5,298.02,25,0,3.09,AU,1712912536
301,cockburn town,21.4612,-71.1419,298.29,80,14,8.75,TC,1712912538
302,yeniseysk,58.4497,92.1703,267.01,72,100,3.58,RU,1712912539
303,swakopmund,-22.6833,14.5333,288.62,78,2,2.8,NA,1712912541
304,kaohsiung,22.6163,120.3133,302.12,76,20,4.12,TW,1712912275
305,bengkulu,-3.8004,102.2655,301.96,78,93,2.25,ID,1712912543
306,terrace,54.5163,-128.6035,278.1,93,100,2.06,CA,1712912544
307,mata-utu,-13.2816,-176.1745,302.27,80,36,5.87,WF,1712912546
308,dhandhuka,22.3667,71.9833,311.39,20,4,4.7,IN,1712912547
309,nkoteng,4.5167,12.0333,297.46,87,99,2.04,CM,1712912548
310,vyritsa,59.4078,30.3481,281.24,62,78,6.12,RU,1712912549
311,fuglafjordur,62.244,-6.814,281.41,88,90,10.29,FO,1712912550
312,mahebourg,-20.4081,57.7,305.51,74,75,6.17,MU,1712912553
313,avarua,-21.2078,-159.775,300.18,94,75,6.17,CK,1712912554
314,hammerfest,70.6634,23.6821,274.4,86,40,1.03,NO,1712912555
315,becerril,9.7041,-73.2793,299.45,61,100,1.99,CO,1712912557
316,kotlas,61.2611,46.6556,279.85,72,100,5.81,RU,1712912558
317,bikenibeu village,1.3673,173.1241,302.13,84,20,2.06,KI,1712912559
318,linxia chengguanzhen,35.6003,103.2064,294.63,15,37,0.95,CN,1712912560
319,kapuskasing,49.4169,-82.4331,280.2,76,100,3.09,CA,1712912562
320,lethbridge,49.7,-112.8186,279.42,70,0,4.12,CA,1712912563
321,santander,43.4647,-3.8044,292.37,72,0,1.34,ES,1712912564
322,fort st. john,56.2499,-120.8529,275.09,87,75,1.54,CA,1712912341
323,pangody,65.85,74.4859,266.67,91,100,12.4,RU,1712912566
324,nova petropolis,-29.3764,-51.1144,291.29,97,100,0.57,BR,1712912568
325,balsas,-7.5325,-46.0356,295.85,97,63,0.67,BR,1712912569
326,vrangel',42.7297,133.0839,280.97,88,62,3.95,RU,1712912570
327,capitao poco,-1.7464,-47.0594,296.85,96,100,1.14,BR,1712912571
328,rosario do sul,-30.2583,-54.9142,291.02,80,100,6.2,BR,1712912573
329,nahiyat ash shinafiyah,31.5874,44.6602,301.81,20,0,4.55,IQ,1712912574
330,al faw,29.9776,48.4741,303.15,28,0,6.15,IQ,1712912575
331,cedeira,43.6797,-8.0209,294.81,77,3,0.95,ES,1712912576
332,harstad,68.799,16.5293,277.81,84,68,12.96,NO,1712912577
333,thulamahashi,-24.7246,31.1994,294.39,50,88,2.15,ZA,1712912579
334,huarmey,-10.0681,-78.1522,295.44,83,99,3.85,PE,1712912580
335,zheshart,62.0731,49.5733,277.72,85,100,5.66,RU,1712912581
336,kheralu,23.8833,72.6167,311.98,17,0,4.54,IN,1712912583
337,hamilton,39.1834,-84.5333,284.23,88,100,6.26,US,1712912584
338,zhangatas,43.5667,69.75,288.91,53,100,9.42,KZ,1712912585
339,ukiah,39.1502,-123.2078,286.29,74,0,0.0,US,1712912587
340,aban,56.67,96.06,272.15,44,100,4.36,RU,1712912588
341,puerto san jose,13.9256,-90.8244,300.81,76,98,1.6,GT,1712912589
342,knysna,-34.0363,23.0471,291.89,47,3,1.94,ZA,1712912591
343,mahajanga,-15.7167,46.3167,310.16,47,20,1.54,MG,1712912592
344,egilsstadir,65.2653,-14.3948,275.1,75,75,2.57,IS,1712912593
345,shahritus,37.2637,68.1385,290.19,84,100,1.87,TJ,1712912594
346,malard,35.6659,50.9767,289.84,41,40,5.14,IR,1712912595
347,nova vicosa,-17.8919,-39.3719,298.21,84,37,1.32,BR,1712912597
348,penco,-36.7333,-72.9833,280.62,93,0,1.03,CL,1712912598
349,carmen,18.6333,-91.8333,296.93,64,21,4.37,MX,1712912600
350,saint-pierre,-21.3393,55.4781,303.97,66,20,3.6,RE,1712912602
351,isna,25.2934,32.554,301.16,17,6,5.41,EG,1712912603
352,racine,42.7495,-88.0751,282.89,90,100,4.63,US,1712912604
353,alaghsas,17.0187,8.0168,307.09,7,100,6.17,NE,1712912605
354,vanimo,-2.6741,141.3028,300.42,88,100,3.59,PG,1712912606
355,linping,30.4225,120.2972,295.33,82,70,3.04,CN,1712912608
356,aktau,43.65,51.2,291.47,40,7,3.48,KZ,1712912609
357,suntar,62.1444,117.6319,264.07,76,100,2.25,RU,1712912610
358,tarawa,1.419,172.984,302.2,84,20,2.06,KI,1712912611
359,lata,40.1629,-8.3327,295.41,51,5,1.52,PT,1712912613
360,raahe,64.6833,24.4833,277.2,92,76,2.19,FI,1712912614
361,plymouth,41.8334,-70.8328,290.05,95,100,7.2,US,1712912615
362,gaspe,48.8334,-64.4819,277.27,87,100,2.57,CA,1712912617
363,grand falls-windsor,48.9332,-55.6649,273.99,75,68,0.89,CA,1712912618
364,nemuro,43.3236,145.575,277.54,97,100,4.62,JP,1712912619
365,illintsi,49.1048,29.2177,289.79,38,2,5.93,UA,1712912620
366,balnearia,-31.0088,-62.6673,287.14,88,100,4.44,AR,1712912622
367,ballina,-28.8667,153.5667,292.47,75,1,3.99,AU,1712912623
368,nantucket,41.2835,-70.0995,285.23,99,100,10.29,US,1712912624
369,vila franca do campo,37.7167,-25.4333,291.42,99,56,0.77,PT,1712912626
370,mejit,10.2753,170.8646,299.88,81,100,8.79,MH,1712912627
371,tual,-5.6667,132.75,301.52,76,74,4.37,ID,1712912628
372,adrar,20.5022,-10.0711,303.93,12,0,8.25,MR,1712912630
373,porto franco,-6.3383,-47.3992,296.32,97,14,0.54,BR,1712912631
374,la'ie,21.6477,-157.9253,297.13,88,100,4.02,US,1712912632
375,berdigestyakh,62.0989,126.6992,261.3,83,100,3.77,RU,1712912635
376,taishan,22.2514,112.7799,302.07,62,53,5.62,CN,1712912637
377,pisco,-13.7,-76.2167,296.18,78,93,0.51,PE,1712912638
378,prince rupert,54.3161,-130.3201,278.98,86,0,3.09,CA,1712912639
379,shitanjing,39.2342,106.3439,295.7,13,19,5.71,CN,1712912641
380,pacific grove,36.6177,-121.9166,286.29,87,0,2.06,US,1712912642
381,juliaca,-15.5,-70.1333,281.57,83,100,1.83,PE,1712912644
382,yomju-up,39.8933,124.5981,284.73,76,15,3.93,KP,1712912645
383,mary,37.0,62.5,296.64,30,100,5.91,TM,1712912647
384,santana,-0.0583,-51.1817,299.25,94,75,1.54,BR,1712912648
385,shiguai,40.7058,110.2856,293.59,16,100,3.01,CN,1712912649
386,yazykovo,55.2199,56.1353,289.79,54,100,5.82,RU,1712912651
387,akjoujt,19.6969,-14.4164,307.82,7,0,6.43,MR,1712912652
388,ketchikan,55.3422,-131.6461,278.41,87,100,0.0,US,1712912654
389,muroto-misakicho,33.2833,134.15,290.34,69,100,1.68,JP,1712912655
390,rio grande,-32.035,-52.0986,293.02,66,100,7.49,BR,1712912656
391,fisterra,42.9049,-9.2629,291.9,79,7,1.32,ES,1712912658
392,campo gallo,-26.5833,-62.85,287.62,98,100,3.1,AR,1712912659
393,lincoln city,44.9582,-124.0179,282.42,96,100,0.45,US,1712912661
394,kodiak,57.79,-152.4072,276.88,65,100,7.2,US,1712912662
395,constitucion,-35.3333,-72.4167,283.32,86,90,1.47,CL,1712912663
396,mokhsogollokh,61.4681,128.9203,266.61,82,100,3.81,RU,1712912664
397,rongelap,11.1635,166.8941,299.91,75,95,9.12,MH,1712912666
398,kaisiadorys,54.8667,24.45,287.01,65,100,6.09,LT,1712912667
399,oranjemund,-28.55,16.4333,300.64,29,52,5.46,NA,1712912668
400,ximeicun,24.9639,118.3794,302.07,63,63,3.47,CN,1712912669
401,port lincoln,-34.7333,135.8667,287.68,63,15,4.22,AU,1712912670
402,gorontalo,0.5412,123.0595,301.63,77,99,0.69,ID,1712912672
403,ozerne,50.1782,28.7338,288.8,48,6,5.14,UA,1712912674
404,peace river,56.2501,-117.286,280.32,45,75,2.57,CA,1712912675
405,amahai,-3.3333,128.9167,299.61,85,98,0.52,ID,1712912676
406,kharan,28.5833,65.4167,307.57,16,38,8.2,PK,1712912678
407,ponte de lima,41.7672,-8.5839,296.54,54,11,0.97,PT,1712912680
408,ashgabat,37.95,58.3833,290.07,67,100,4.12,TM,1712912681
409,mariental,-24.6333,17.9667,300.31,22,3,5.83,NA,1712912682
410,viedma,-40.8135,-62.9967,285.5,71,100,1.94,AR,1712912420
411,touros,-5.1989,-35.4608,298.85,91,53,2.53,BR,1712912686
412,burang,30.25,81.1667,273.87,52,50,1.61,CN,1712912687
413,jiangyou,31.7667,104.7167,296.27,65,100,2.35,CN,1712912690
414,springbok,-29.6643,17.8865,295.23,22,95,8.01,ZA,1712912691
415,big bend,-26.8167,31.9333,296.2,53,64,1.54,SZ,1712912692
416,antalaha,-14.9003,50.2788,302.88,73,83,2.7,MG,1712912693
417,al mindak,20.1588,41.2834,298.93,64,20,5.08,SA,1712912695
418,juan de ayolas,-27.4,-56.9,291.5,97,98,2.94,PY,1712912696
419,bodaybo,57.8506,114.1933,275.76,82,99,1.24,RU,1712912697
420,bakchar,57.0186,82.0711,271.74,50,71,4.29,RU,1712912698
421,jakobstad,63.6749,22.7026,279.24,65,51,3.58,FI,1712912700
422,emerald,-23.5333,148.1667,296.67,38,1,4.23,AU,1712912532
423,aras-asan,8.8908,126.3033,300.88,71,60,2.96,PH,1712912704
424,belozersk,60.0326,37.7957,278.7,71,100,5.81,RU,1712912705
425,panaba,21.2833,-88.2667,293.38,82,0,2.88,MX,1712912706
426,nadym,65.5333,72.5167,267.57,92,100,11.89,RU,1712912708
427,al muwayh,22.4333,41.7583,301.94,30,13,3.07,SA,1712912709
428,mahina,-17.5065,-149.489,300.02,83,0,1.54,PF,1712912711
429,karwar,14.8,74.1333,303.34,59,3,5.73,IN,1712912713
430,montevideo,-34.8335,-56.1674,287.99,82,0,2.57,UY,1712912714
431,araxa,-19.5933,-46.9406,291.58,94,99,2.19,BR,1712912717
432,pangkalpinang,-2.1333,106.1333,302.71,77,100,1.69,ID,1712912718
433,singa,13.15,33.9333,310.15,7,13,4.3,SD,1712912719
434,sarmiento,-45.5882,-69.07,281.54,53,0,0.36,AR,1712912721
435,port douglas,-16.4833,145.4667,298.15,84,6,6.02,AU,1712912722
436,tillaberi,14.2117,1.4531,310.22,16,100,4.7,NE,1712912724
437,diego de almagro,-26.3667,-70.05,287.19,65,29,1.09,CL,1712912725
438,enewetak,11.3474,162.3373,300.17,79,96,9.63,MH,1712912727
439,veraval,20.9,70.3667,301.42,66,22,6.87,IN,1712912728
440,sao vicente,-23.9631,-46.3919,298.3,26,96,0.63,BR,1712912729
441,yoko,5.5333,12.3167,297.62,66,100,1.03,CM,1712912732
442,santa terezinha,-29.9002,-50.0904,293.92,86,100,8.33,BR,1712912733
443,island harbour,50.724,-1.2758,288.89,81,100,3.13,GB,1712912735
444,pola de siero,43.3923,-5.6634,292.94,76,1,0.21,ES,1712912736
445,antofagasta,-23.65,-70.4,290.75,89,83,2.72,CL,1712912737
446,kyshtovka,56.555,76.6271,272.78,79,100,6.71,RU,1712912739
447,peniche,39.3558,-9.3811,295.99,74,33,3.98,PT,1712912740
448,gulf shores,30.246,-87.7008,289.82,73,0,2.06,US,1712912742
449,natal,-5.795,-35.2094,299.51,94,40,3.09,BR,1712912743
450,novokorsunskaya,45.6408,39.1464,293.25,38,61,3.97,RU,1712912744
451,maitum,6.0392,124.4986,301.44,76,97,1.96,PH,1712912746
452,punta arenas,-53.15,-70.9167,281.21,81,40,7.2,CL,1712912717
453,hechuan,29.9947,106.2572,299.42,49,95,2.65,CN,1712912748
454,lompoc,34.6391,-120.4579,284.7,96,100,0.0,US,1712912750
455,nema,57.5067,50.5011,284.38,62,100,5.32,RU,1712912751
456,cafayate,-26.073,-65.9761,288.06,88,86,3.68,AR,1712912752
457,winchester,51.0651,-1.3187,288.96,87,20,4.12,GB,1712912754
458,new norfolk,-42.7826,147.0587,288.87,96,100,1.13,AU,1712912755
459,nova sintra,14.8667,-24.7167,295.5,81,0,6.97,CV,1712912757
460,altamont,42.2068,-121.7372,277.03,78,0,0.89,US,1712912758
461,prainha,-1.8,-53.48,296.78,97,92,1.13,BR,1712912760
462,seme,15.1942,-12.9448,309.85,16,89,4.4,SN,1712912761
463,zabaykal'sk,49.6333,117.3167,288.03,25,82,3.16,RU,1712912762
464,salto de agua,17.6167,-92.3667,294.17,76,79,1.01,MX,1712912764
465,santa rita,-7.1139,-34.9781,298.52,94,40,1.54,BR,1712912765
466,lunglei,22.8833,92.7333,308.09,16,91,2.95,IN,1712912640
467,prieska,-29.6641,22.7474,291.55,23,17,4.68,ZA,1712912768
468,yanykurgan,43.915,67.2481,295.49,32,51,1.26,KZ,1712912769
469,caribou,46.8606,-68.012,280.39,92,100,4.63,US,1712912771
470,kamina,-8.7386,24.9906,298.22,76,100,2.08,CD,1712912772
471,venezuela,8.0,-66.0,301.34,61,22,7.68,VE,1712912773
472,sechura,-5.5569,-80.8222,296.27,74,52,4.8,PE,1712912775
473,ar ruways,24.1103,52.7306,301.47,40,62,6.05,AE,1712912776
474,olonets,60.9847,32.9698,276.36,96,100,4.63,RU,1712912777
475,rincon de romos,22.2333,-102.3,283.33,73,49,1.6,MX,1712912779
476,kenora,49.8167,-94.4337,276.69,87,75,3.09,CA,1712912780
477,gebeit,21.0667,36.3167,301.97,17,2,2.67,SD,1712912781
478,tarauaca,-8.1614,-70.7656,295.73,97,100,0.89,BR,1712912783
479,smithers,54.7804,-127.1743,272.33,100,20,1.03,CA,1712912784
480,blackfoot,43.1905,-112.345,284.03,60,10,3.24,US,1712912787
481,colchani,-20.3,-66.9333,280.91,52,88,2.67,BO,1712912788
482,codrington,-38.2667,141.9667,288.05,56,100,3.63,AU,1712912789
483,nur-sultan,51.1801,71.446,280.12,45,75,9.0,KZ,1712912791
484,george town,5.4112,100.3354,307.12,57,20,5.66,MY,1712912743
485,itoman,26.1247,127.6694,296.58,86,75,3.6,JP,1712912794
486,berberati,4.2612,15.7922,296.99,88,20,4.12,CF,1712912795
487,tarko-sale,64.9225,77.785,264.04,93,100,14.73,RU,1712912796
488,varzea grande,-15.6467,-56.1325,298.08,94,75,1.03,BR,1712912798
489,knyaze-volkonskoye,48.4642,135.4567,292.34,39,99,4.92,RU,1712912799
490,copala,16.65,-98.9833,298.41,69,4,2.31,MX,1712912800
491,iskateley,67.6803,53.1512,263.72,94,100,8.05,RU,1712912802
492,sassandra,4.95,-6.0833,302.26,72,57,2.25,CI,1712912803
493,san rafael,-34.6177,-68.3301,281.9,84,100,2.57,AR,1712912805
494,diyarbakir,37.9158,40.2189,293.14,52,40,3.6,TR,1712912806
495,arno,60.1167,18.6333,280.81,62,92,1.26,SE,1712912808
496,otaru,43.1894,141.0022,289.03,81,83,1.52,JP,1712912809
497,ontario,34.0633,-117.6509,293.64,61,0,3.6,US,1712912547
498,yuli,9.6989,10.2744,308.81,15,90,2.01,NG,1712912812
499,noumea,-22.2763,166.4572,299.26,99,100,3.41,NC,1712912813
500,anzio,41.4853,12.6179,298.78,71,100,2.29,IT,1712912814
501,jiwani,25.05,61.7417,300.7,76,86,5.07,PK,1712912816
502,kavaratti,10.5669,72.642,302.51,68,19,3.03,IN,1712912819
503,nuuk,64.1835,-51.7216,269.49,86,40,3.09,GL,1712912820
504,sawang wirawong,15.2416,105.0922,313.28,20,100,0.5,TH,1712912821
505,krasnyy kholm,58.0607,37.1203,285.12,64,85,10.02,RU,1712912823
506,mkushi,-13.6202,29.3939,291.52,94,100,3.3,ZM,1712912824
507,kulhudhuffushi,6.6221,73.07,302.12,76,21,3.71,MV,1712912825
508,villamontes,-21.25,-63.5,287.5,95,100,0.67,BO,1712912827
509,santarem,-2.4431,-54.7083,299.22,94,75,3.09,BR,1712912828
510,happy valley-goose bay,53.3168,-60.3315,275.61,89,100,2.44,CA,1712912830
511,wauchope,-31.45,152.7333,292.57,98,5,0.76,AU,1712912831
512,tazacorte,28.629,-17.9293,299.69,22,0,5.14,ES,1712912833
513,lospalos,-8.5186,127.0025,296.72,82,86,3.05,TL,1712912834
514,westport,41.1415,-73.3579,291.29,89,100,9.39,US,1712912836
515,al kharijah,25.4514,30.5464,302.05,17,81,6.94,EG,1712912837
516,jincheng,35.5022,112.8328,297.21,33,0,5.4,CN,1712912838
517,lillehammer,61.1146,10.4674,278.53,90,100,0.73,NO,1712912840
518,andkhoy,36.9529,65.1238,295.8,48,100,6.64,AF,1712912841
519,pingliang,35.5392,106.6861,296.62,37,0,8.75,CN,1712912842
520,camapua,-19.5314,-54.0439,296.21,95,100,0.92,BR,1712912844
521,san julian,21.0167,-102.1667,284.63,56,64,3.35,MX,1712912845
522,novaya igirma,57.1334,103.9112,274.83,88,100,1.78,RU,1712912846
523,vilyuysk,63.7553,121.6247,261.48,73,100,3.58,RU,1712912849
524,djambala,-2.5447,14.7533,296.57,83,100,3.08,CG,1712912850
525,usinsk,65.9939,57.5281,274.86,99,100,10.28,RU,1712912852
526,akureyri,65.6835,-18.0878,273.26,96,100,1.95,IS,1712912853
527,howrah,22.5892,88.3103,308.15,36,40,3.6,IN,1712912854
528,humaita,-7.5061,-63.0208,296.05,99,100,0.58,BR,1712912856
529,sogndal,61.2283,7.1003,283.36,76,75,2.06,NO,1712912857
530,shahrak,34.1074,64.3052,278.34,97,100,2.27,AF,1712912859
531,port augusta,-32.5,137.7667,289.71,64,100,5.26,AU,1712912861
532,twon-brass,4.3151,6.2418,300.6,79,100,8.27,NG,1712912863
533,creswell,43.9179,-123.0245,282.27,90,100,0.57,US,1712912806
534,lisakovsk,52.5369,62.4936,289.19,52,79,10.58,KZ,1712912865
535,kiama,-34.6833,150.8667,293.15,78,24,2.24,AU,1712912867
536,skovorodino,53.9833,123.9167,274.09,100,100,1.99,RU,1712912868
537,alappakkam,11.6,79.7333,307.4,62,36,5.74,IN,1712912869
538,as salamiyah,35.0113,37.0532,294.66,43,0,1.76,SY,1712912870
539,praia da vitoria,38.7333,-27.0667,289.29,88,75,1.91,PT,1712912872
540,callao,-12.0667,-77.15,297.44,88,95,2.57,PE,1712912873
541,buinsk,54.95,48.2833,289.87,38,73,7.21,RU,1712912874
542,nabire,-3.3667,135.4833,299.2,91,100,1.38,ID,1712912876
543,camarinas,43.1311,-9.1817,292.0,69,9,1.52,ES,1712912877
544,novyy turtkul',41.55,61.0167,294.1,29,100,5.88,UZ,1712912878
545,tauranga,-37.6861,176.1667,291.84,94,22,1.34,NZ,1712912880
546,mabaruma,8.2,-59.7833,295.82,97,7,0.53,GY,1712912881
547,baiti,13.745,-14.7482,306.27,19,59,1.75,SN,1712912883
548,rock springs,41.5875,-109.2029,277.84,45,0,1.54,US,1712912599
549,mont-tremblant,46.1949,-74.6264,284.03,93,100,7.27,CA,1712912885
550,san luis de la loma,17.2706,-100.8939,298.36,72,4,2.12,MX,1712912887
551,salalah,17.0151,54.0924,304.2,62,40,8.23,OM,1712912889
552,tabas,33.5959,56.9244,295.82,30,88,8.94,IR,1712912891
553,palikir - national government center,6.9248,158.1611,297.56,94,100,3.6,FM,1712912892
554,salinopolis,-0.6136,-47.3561,299.85,83,97,2.49,BR,1712912893
555,ternate,0.8,127.4,301.38,76,23,4.96,ID,1712912895
556,loikaw,19.6742,97.2094,308.65,20,93,1.4,MM,1712912896
557,sola,-13.8833,167.55,301.22,81,100,3.57,VU,1712912898
558,ubari,26.5921,12.7805,299.39,13,100,3.13,LY,1712912899
